{
  "4_0": 0.0,
  "4_1": 0.0,
  "10_0": 0.0,
  "10_1": 0.0,
  "10_2": 0.0,
  "10_3": 0.6,
  "15_0": 0.0,
  "15_1": 0.0,
  "15_2": 0.0,
  "15_3": 1.0,
  "44_0": 0.4,
  "44_1": 1.0,
  "44_2": 1.0,
  "44_3": 0.0,
  "54_0": 1.0,
  "54_1": 0.8,
  "54_2": 1.0,
  "54_3": 0.0,
  "65_0": 1.0,
  "65_1": 1.0,
  "65_2": 1.0,
  "73_0": 1.0,
  "73_1": 0.8,
  "73_2": 0.8,
  "73_3": 0.6,
  "97_0": 0.0,
  "97_1": 0.0,
  "97_2": 0.0,
  "126_0": 0.0,
  "126_1": 0.0,
  "126_2": 0.0,
  "130_0": 0.6,
  "130_1": 0.6,
  "130_2": 0.8,
  "132_0": 1.0,
  "132_1": 0.8,
  "132_2": 1.0,
  "132_3": 0.6666666666666666,
  "218_0": 1.0,
  "218_1": 1.0,
  "218_2": 0.4,
  "218_3": 0.6,
  "227_0": 0.6,
  "227_1": 0.0,
  "227_2": 0.6,
  "227_3": 0.0,
  "289_0": 1.0,
  "289_1": 1.0,
  "289_2": 1.0,
  "289_3": 1.0,
  "310_0": 0.0,
  "310_1": 0.0,
  "310_2": 0.0,
  "310_3": 0.0,
  "327_0": 0.8,
  "327_1": 0.8,
  "335_0": 1.0,
  "335_1": 1.0,
  "336_0": 0.4,
  "336_1": 0.6,
  "336_2": 0.0,
  "391_0": 0.0,
  "391_1": 0.0,
  "391_2": 1.0,
  "391_3": 0.0,
  "391_4": 0.0,
  "402_0": 1.0,
  "402_1": 1.0,
  "402_2": 0.0,
  "402_3": 1.0,
  "407_0": 1.0,
  "407_1": 1.0,
  "407_2": 1.0,
  "407_3": 0.0,
  "417_0": 0.8,
  "417_1": 0.0,
  "417_2": 1.0,
  "417_3": 1.0,
  "420_0": 1.0,
  "420_1": 0.4,
  "420_2": 0.3333333333333333,
  "423_0": 0.0,
  "423_1": 0.6,
  "423_2": 0.0,
  "423_3": 0.0,
  "457_0": 0.6,
  "457_1": 0.8,
  "457_2": 0.6,
  "457_3": 1.0,
  "524_0": 0.8,
  "524_1": 0.6,
  "524_2": 0.6,
  "524_3": 1.0,
  "542_0": 1.0,
  "542_1": 1.0,
  "542_2": 1.0,
  "542_3": 1.0,
  "547_0": 1.0,
  "547_1": 1.0,
  "547_2": 0.6,
  "547_3": 1.0,
  "581_0": 0.6,
  "581_1": 0.5,
  "581_2": 0.4,
  "581_3": 0.2,
  "581_4": 1.0,
  "591_0": 0.2,
  "591_1": 0.4,
  "591_2": 0.4,
  "648_0": 0.0,
  "648_1": 1.0,
  "648_2": 0.0,
  "648_3": 0.6,
  "673_0": 1.0,
  "673_1": 0.6,
  "673_2": 0.4,
  "673_3": 1.0,
  "684_0": 0.0,
  "684_1": 0.0,
  "684_2": 0.0,
  "685_0": 0.0,
  "685_1": 0.0,
  "685_2": 0.0,
  "685_3": 0.0,
  "688_0": 1.0,
  "688_1": 0.0,
  "688_2": 1.0,
  "689_0": 0.8,
  "689_1": 0.0,
  "689_2": 1.0,
  "689_3": 1.0,
  "691_0": 1.0,
  "691_1": 0.6,
  "691_2": 1.0,
  "722_0": 0.2,
  "722_1": 0.8,
  "722_2": 0.0,
  "730_0": 1.0,
  "730_1": 1.0,
  "730_2": 1.0,
  "730_3": 0.0,
  "735_0": 0.6,
  "735_1": 0.0,
  "735_2": 1.0,
  "735_3": 0.0,
  "743_0": 1.0,
  "743_1": 1.0,
  "743_2": 0.8,
  "743_3": 0.0,
  "770_0": 0.0,
  "770_1": 0.0,
  "770_2": 0.0,
  "770_3": 0.0,
  "770_4": 0.0,
  "770_5": 0.0,
  "777_0": 0.2,
  "777_1": 0.2,
  "777_2": 1.0,
  "782_0": 0.8,
  "782_1": 0.8,
  "782_2": 1.0,
  "786_0": 1.0,
  "786_1": 1.0,
  "786_2": 0.8,
  "786_3": 1.0,
  "787_0": 0.0,
  "787_1": 0.0,
  "787_2": 0.0,
  "787_3": 0.0,
  "787_4": 0.0,
  "794_0": 0.0,
  "794_1": 0.0,
  "805_0": 1.0,
  "805_1": 1.0,
  "805_2": 0.0,
  "805_3": 1.0,
  "815_0": 0.8,
  "815_1": 0.4,
  "815_2": 1.0,
  "815_3": 0.0,
  "838_0": 0.6,
  "838_1": 0.8,
  "838_2": 0.4,
  "838_3": 0.0,
  "845_0": 1.0,
  "845_1": 0.6666666666666666,
  "845_2": 0.6,
  "854_0": 0.0,
  "854_1": 0.0,
  "854_2": 0.0,
  "861_0": 1.0,
  "861_1": 0.75,
  "861_2": 0.8,
  "866_0": 1.0,
  "866_1": 0.0,
  "866_2": 1.0,
  "866_3": 1.0,
  "882_0": 0.0,
  "882_1": 0.8,
  "882_2": 1.0,
  "882_3": 0.0,
  "882_4": 0.8,
  "909_0": 1.0,
  "909_1": 1.0,
  "909_2": 0.8,
  "909_3": 1.0,
  "913_0": 0.0,
  "913_1": 0.0,
  "913_2": 0.0,
  "913_3": 0.0,
  "923_0": 0.0,
  "923_1": 0.8,
  "923_2": 1.0,
  "923_3": 0.8,
  "923_4": 0.8,
  "927_0": 0.0,
  "927_1": 0.8,
  "927_2": 0.0,
  "927_3": 0.8,
  "935_0": 0.0,
  "935_1": 0.0,
  "935_2": 0.0,
  "935_3": 0.0,
  "935_4": 0.0,
  "939_0": 0.4,
  "939_1": 0.6,
  "939_2": 0.8,
  "939_3": 0.4,
  "952_0": 0.8,
  "952_1": 0.8,
  "952_2": 1.0,
  "952_3": 1.0,
  "952_4": 0.6,
  "952_5": 1.0,
  "963_0": 0.0,
  "963_1": 0.0,
  "963_2": 1.0,
  "963_3": 1.0,
  "963_4": 0.0,
  "963_5": 0.0,
  "990_0": 0.8,
  "990_1": 0.0,
  "990_2": 0.4,
  "999_0": 1.0,
  "999_1": 1.0,
  "999_2": 1.0,
  "999_3": 1.0,
  "999_4": 1.0,
  "1001_0": 1.0,
  "1001_1": 0.8,
  "1001_2": 0.6,
  "1001_3": 1.0,
  "1001_4": 0.6,
  "1001_5": 0.0,
  "1093_0": 0.4,
  "1129_0": 1.0,
  "1129_1": 0.8,
  "1129_2": 1.0,
  "1139_0": 0.8,
  "1139_1": 1.0,
  "1139_2": 0.6,
  "1139_3": 0.4,
  "1162_0": 1.0,
  "1162_1": 0.8,
  "1162_2": 1.0,
  "1162_3": 1.0,
  "1202_0": 0.8,
  "1202_1": 1.0,
  "1202_2": 0.6,
  "1202_3": 1.0,
  "1202_4": 1.0,
  "1202_5": 0.6,
  "1210_0": 0.0,
  "1210_1": 0.0,
  "1210_2": 0.0,
  "1210_3": 0.0,
  "1253_0": 0.0,
  "1253_1": 0.0,
  "1253_2": 0.0,
  "1253_3": 0.0,
  "1253_4": 1.0,
  "1254_0": 0.8,
  "1254_1": 0.0,
  "1254_2": 1.0,
  "1254_3": 1.0,
  "1254_4": 0.6,
  "1254_5": 0.6,
  "1263_0": 0.0,
  "1263_1": 0.0,
  "1267_0": 0.8,
  "1267_1": 0.6,
  "1267_2": 0.6,
  "1267_3": 0.6,
  "1267_4": 0.6,
  "1284_0": 1.0,
  "1284_1": 1.0,
  "1284_2": 1.0,
  "1284_3": 0.6666666666666666,
  "1284_4": 0.8,
  "1293_0": 0.4,
  "1293_1": 0.8,
  "1293_2": 1.0,
  "1293_3": 0.6,
  "1301_0": 1.0,
  "1301_1": 1.0,
  "1301_2": 0.0,
  "1301_3": 0.0,
  "1301_4": 0.8,
  "1334_0": 0.0,
  "1334_1": 0.6,
  "1334_2": 0.8,
  "1334_3": 1.0,
  "1340_0": 1.0,
  "1340_1": 0.0,
  "1340_2": 0.0,
  "1340_3": 0.4,
  "1340_4": 0.6,
  "1340_5": 0.2,
  "1345_0": 0.6,
  "1345_1": 0.75,
  "1345_2": 1.0,
  "1345_3": 0.0,
  "1345_4": 0.8,
  "1377_0": 0.0,
  "1377_1": 0.0,
  "1377_2": 0.0,
  "1377_3": 0.0,
  "1417_0": 0.6,
  "1417_1": 1.0,
  "1417_2": 1.0,
  "1417_3": 0.4,
  "1417_4": 0.6,
  "1417_5": 0.6,
  "1462_0": 1.0,
  "1462_1": 1.0,
  "1462_2": 0.0,
  "1462_3": 0.2,
  "1489_0": 0.8,
  "1489_1": 0.8,
  "1489_2": 0.8,
  "1489_3": 1.0,
  "1573_0": 0.6,
  "1573_1": 0.6,
  "1573_2": 1.0,
  "1573_3": 0.0,
  "1574_0": 0.0,
  "1574_1": 0.6,
  "1574_2": 1.0,
  "1574_3": 0.6,
  "1579_0": 0.8,
  "1579_1": 0.4,
  "1579_2": 0.2,
  "1579_3": 0.8,
  "1579_4": 0.6,
  "1579_5": 0.8,
  "1582_0": 0.8,
  "1582_1": 0.6,
  "1582_2": 1.0,
  "1582_3": 1.0,
  "1583_0": 0.0,
  "1583_1": 1.0,
  "1583_2": 0.0,
  "1583_3": 0.0,
  "1591_0": 1.0,
  "1591_1": 0.8,
  "1591_2": 0.6,
  "1591_3": 1.0,
  "1591_4": 0.8,
  "1604_0": 0.6,
  "1604_1": 1.0,
  "1604_2": 0.6,
  "1604_3": 0.0,
  "1615_0": 0.4,
  "1615_1": 1.0,
  "1615_2": 1.0,
  "1615_3": 1.0,
  "1615_4": 1.0,
  "1616_0": 0.0,
  "1616_1": 0.2,
  "1616_2": 0.0,
  "1616_3": 0.3333333333333333,
  "1617_0": 0.8,
  "1617_1": 1.0,
  "1617_2": 1.0,
  "1617_3": 1.0,
  "1617_4": 1.0,
  "1617_5": 1.0,
  "1627_0": 0.0,
  "1627_1": 0.6,
  "1627_2": 0.6,
  "1627_3": 0.2,
  "1631_0": 1.0,
  "1631_1": 1.0,
  "1631_2": 0.6,
  "1631_3": 1.0,
  "1631_4": 1.0,
  "1631_5": 1.0,
  "1632_0": 0.8,
  "1632_1": 0.8,
  "1632_2": 0.2,
  "1632_3": 1.0,
  "1632_4": 1.0,
  "1632_5": 0.6,
  "1654_0": 0.4,
  "1654_1": 1.0,
  "1654_2": 1.0,
  "1654_3": 1.0,
  "1654_4": 0.8,
  "1654_5": 0.6,
  "1655_0": 0.0,
  "1655_1": 0.0,
  "1655_2": 0.0,
  "1655_3": 0.0,
  "1655_4": 1.0,
  "1655_5": 0.0,
  "1681_0": 0.0,
  "1681_1": 1.0,
  "1681_2": 0.8,
  "1681_3": 1.0,
  "1681_4": 1.0,
  "1687_0": 0.0,
  "1687_1": 0.8,
  "1687_2": 0.0,
  "1687_3": 0.0,
  "1687_4": 0.0,
  "1705_0": 0.4,
  "1705_1": 0.8,
  "1705_2": 1.0,
  "1705_3": 0.0,
  "1706_0": 0.0,
  "1706_1": 0.6,
  "1706_2": 0.8,
  "1706_3": 0.6,
  "1706_4": 1.0,
  "1707_0": 1.0,
  "1707_1": 0.0,
  "1707_2": 1.0,
  "1717_0": 0.8,
  "1717_1": 1.0,
  "1717_2": 1.0,
  "1719_0": 0.0,
  "1719_1": 1.0,
  "1719_2": 0.0,
  "1719_3": 1.0,
  "1719_4": 1.0,
  "1719_5": 0.0,
  "1722_0": 0.8,
  "1722_1": 1.0,
  "1722_2": 0.6,
  "1722_3": 0.6,
  "1722_4": 1.0,
  "1722_5": 0.4,
  "1735_0": 0.0,
  "1765_0": 0.6,
  "1765_1": 1.0,
  "1765_2": 1.0,
  "1765_3": 1.0,
  "1782_0": 0.0,
  "1782_1": 0.0,
  "1782_2": 0.0,
  "1782_3": 0.0,
  "1786_0": 0.0,
  "1786_1": 0.0,
  "1786_2": 0.8,
  "1786_3": 1.0,
  "1793_0": 0.6,
  "1793_1": 0.6,
  "1793_2": 0.4,
  "1793_3": 0.6,
  "1805_0": 0.0,
  "1805_1": 1.0,
  "1805_2": 0.0,
  "1805_3": 0.0,
  "1857_0": 0.6666666666666666,
  "1857_1": 0.0,
  "1878_0": 1.0,
  "1878_1": 0.0,
  "1878_2": 0.0,
  "1878_3": 1.0,
  "1878_4": 1.0,
  "1878_5": 0.0,